<?xml version="1.0" encoding="UTF-8" standalone="yes"?>
<service serviceGroup="" cachable="false" cacheduration="" description="" endpoint="default" groupType="" id="CustomerCreation" passwordencrypted="false" security="public" type="jsonConnector" smscode="" smsenabled="false">
    <service-config>
        <config-param api-version="" appid="" name="preprocessorname" value=""/>
        <config-param api-version="" appid="" name="postprocessorname" value=""/>
        <config-param api-version="" appid="" name="preprocessorJS" value=""/>
        <config-param api-version="" appid="" name="postprocessorJS" value=""/>
        <config-param api-version="" appid="" name="preprocessorRules" value=""/>
        <config-param api-version="" appid="" name="postprocessorRules" value=""/>
        <config-param api-version="" appid="" name="kony_http_supported_methods" value="POST"/>
        <config-param api-version="" appid="" name="endpointUrl" value="http://35.208.86.161:8080/irf-test-web/api/v1.0.0/party/customers/generic/"/>
        <config-param api-version="" appid="" name="ignorehttpproxy" value="true"/>
        <config-param api-version="" appid="" name="http.method" value="POST"/>
        <config-param api-version="" appid="" name="dataObjectName" value=""/>
        <config-param api-version="" appid="" name="sockettimeout" value=""/>
        <config-param api-version="" appid="" name="responseEncoding" value="UTF-8"/>
        <config-param api-version="" appid="" name="isembedxmlpresent" value="false"/>
        <config-param api-version="" appid="" name="retrycount" value="0"/>
        <config-param api-version="" appid="" name="jsonpath" value="true"/>
    </service-config>
    <service-input passthrough="false">
        <header datatype="" name="" passthrough="false">
            <param datatype="string" defaultvalue="" description="" encode="false" format="None" formatvalue="" name="id" order="" paramOrder="0" parentOrder="0" sms-name="" src="expression" sourcevalue="190417" srcformatvalue="" target="" targetdatatype="" testvalue="190347" value="">
                <accessType></accessType>
            </param>
        </header>
        <param datatype="string" defaultvalue="US" description="" encode="true" format="None" formatvalue="" name="Nationality" order="" paramOrder="1" parentOrder="-1" passnull="false" sms-name="" src="request" sourcevalue="" srcformatvalue="" target="request" targetdatatype="java.lang.String" testvalue="" value="US">
            <accessType></accessType>
        </param>
        <param datatype="string" defaultvalue="PLKY" description="" encode="true" format="None" formatvalue="" name="customerMnemonic" order="" paramOrder="2" parentOrder="-1" passnull="false" sms-name="" src="request" sourcevalue="" srcformatvalue="" target="request" targetdatatype="java.lang.String" testvalue="" value="PLKY">
            <accessType></accessType>
        </param>
        <param datatype="string" defaultvalue="Plky" description="" encode="true" format="None" formatvalue="" name="customerName" order="" paramOrder="3" parentOrder="-1" passnull="false" sms-name="" src="request" sourcevalue="" srcformatvalue="" target="request" targetdatatype="java.lang.String" testvalue="" value="Plky">
            <accessType></accessType>
        </param>
        <param datatype="string" defaultvalue="Plky" description="" encode="true" format="None" formatvalue="" name="displayName" order="" paramOrder="4" parentOrder="-1" passnull="false" sms-name="" src="request" sourcevalue="" srcformatvalue="" target="request" targetdatatype="java.lang.String" testvalue="" value="Plky">
            <accessType></accessType>
        </param>
        <param datatype="number" defaultvalue="1" description="" encode="true" format="None" formatvalue="" name="language" order="" paramOrder="5" parentOrder="-1" passnull="false" sms-name="" src="request" sourcevalue="" srcformatvalue="" target="request" targetdatatype="java.lang.String" testvalue="" value="1">
            <accessType></accessType>
        </param>
        <param datatype="number" defaultvalue="1001" description="" encode="true" format="None" formatvalue="" name="sectorId" order="" paramOrder="6" parentOrder="-1" passnull="false" sms-name="" src="request" sourcevalue="" srcformatvalue="" target="request" targetdatatype="java.lang.String" testvalue="" value="1001">
            <accessType></accessType>
        </param>
        <param datatype="string" defaultvalue="M" description="" encode="true" format="None" formatvalue="" name="gender" order="" paramOrder="7" parentOrder="-1" passnull="false" sms-name="" src="request" sourcevalue="" srcformatvalue="" target="request" targetdatatype="java.lang.String" testvalue="" value="M">
            <accessType></accessType>
        </param>
        <param datatype="number" defaultvalue="18" description="" encode="true" format="None" formatvalue="" name="customerstatus" order="" paramOrder="8" parentOrder="-1" passnull="false" sms-name="" src="request" sourcevalue="" srcformatvalue="" target="request" targetdatatype="java.lang.String" testvalue="" value="18">
            <accessType></accessType>
        </param>
        <template-param datatype="" defaultvalue="{&#10;&#10;&#10;    &#10;&quot;body&quot;: {&#10; &#10;&#10;&quot;displayNames&quot;: [&#10;&#10;{&#10;&#10;  &#10;&quot;displayName&quot;: &quot;$displayName&quot;&#10;&#10;}&#10;&#10;],&#10;&#10;&quot;customerNames&quot;: [&#10;&#10;{&#10;&#10;&quot;customerName&quot;: &quot;$customerName&quot;&#10;&#10;}&#10;&#10;],&#10;&#10;&quot;language&quot;: $language,&#10;&#10;&quot;customerStatus&quot;: $customerstatus,&#10;  &quot;nationalityId&quot;:&quot;$Nationality&quot;,&#10;&#10;&quot;customerMnemonic&quot;: &quot;$customerMnemonic&quot;,&#10;&#10;&quot;sectorId&quot;: $sectorId,&#10;&#10;&quot;gender&quot;: &quot;$gender&quot;&#10;&#10;}&#10;&#10;}" description="" encode="false" format="" formatvalue="" name="message" order="" paramOrder="0" parentOrder="0" sms-name="" src="" sourcevalue="" srcformatvalue="" target="" targetdatatype="" value="{&#10;&#10;&#10;    &#10;&quot;body&quot;: {&#10; &#10;&#10;&quot;displayNames&quot;: [&#10;&#10;{&#10;&#10;  &#10;&quot;displayName&quot;: &quot;$displayName&quot;&#10;&#10;}&#10;&#10;],&#10;&#10;&quot;customerNames&quot;: [&#10;&#10;{&#10;&#10;&quot;customerName&quot;: &quot;$customerName&quot;&#10;&#10;}&#10;&#10;],&#10;&#10;&quot;language&quot;: $language,&#10;&#10;&quot;customerStatus&quot;: $customerstatus,&#10;  &quot;nationalityId&quot;:&quot;$Nationality&quot;,&#10;&#10;&quot;customerMnemonic&quot;: &quot;$customerMnemonic&quot;,&#10;&#10;&quot;sectorId&quot;: $sectorId,&#10;&#10;&quot;gender&quot;: &quot;$gender&quot;&#10;&#10;}&#10;&#10;}">
            <accessType></accessType>
        </template-param>
        <stub-param value=""/>
    </service-input>
    <service-output passthrough="false">
        <record id="header" order="" paramOrder="1" parentOrder="0" src="$.header">
            <param datatype="string" defaultvalue="" description="" encode="true" format="None" formatvalue="" name="transactionStatus" order="" paramOrder="2" parentOrder="1" passnull="false" sms-name="" src="transactionStatus" sourcevalue="" srcformatvalue="" target="response" targetdatatype="java.lang.String" testvalue="" value="">
                <accessType></accessType>
            </param>
            <param datatype="string" defaultvalue="" description="" encode="true" format="None" formatvalue="" name="id" order="" paramOrder="9" parentOrder="1" passnull="false" sms-name="" src="id" sourcevalue="" srcformatvalue="" target="response" targetdatatype="java.lang.String" testvalue="" value="">
                <accessType></accessType>
            </param>
            <param datatype="string" defaultvalue="" description="" encode="true" format="None" formatvalue="" name="status" order="" paramOrder="10" parentOrder="1" passnull="false" sms-name="" src="status" sourcevalue="" srcformatvalue="" target="response" targetdatatype="java.lang.String" testvalue="" value="">
                <accessType></accessType>
            </param>
            <record id="audit" order="" paramOrder="3" parentOrder="1" src="audit">
                <param datatype="number" defaultvalue="" description="" encode="true" format="None" formatvalue="" name="T24_time" order="" paramOrder="4" parentOrder="3" passnull="false" sms-name="" src="T24_time" sourcevalue="" srcformatvalue="" target="response" targetdatatype="java.lang.String" testvalue="" value="">
                    <accessType></accessType>
                </param>
                <param datatype="number" defaultvalue="" description="" encode="true" format="None" formatvalue="" name="parse_time" order="" paramOrder="5" parentOrder="3" passnull="false" sms-name="" src="parse_time" sourcevalue="" srcformatvalue="" target="response" targetdatatype="java.lang.String" testvalue="" value="">
                    <accessType></accessType>
                </param>
                <param datatype="number" defaultvalue="" description="" encode="true" format="None" formatvalue="" name="responseParse_time" order="" paramOrder="6" parentOrder="3" passnull="false" sms-name="" src="responseParse_time" sourcevalue="" srcformatvalue="" target="response" targetdatatype="java.lang.String" testvalue="" value="">
                    <accessType></accessType>
                </param>
                <param datatype="number" defaultvalue="" description="" encode="true" format="None" formatvalue="" name="requestParse_time" order="" paramOrder="7" parentOrder="3" passnull="false" sms-name="" src="requestParse_time" sourcevalue="" srcformatvalue="" target="response" targetdatatype="java.lang.String" testvalue="" value="">
                    <accessType></accessType>
                </param>
                <param datatype="string" defaultvalue="" description="" encode="true" format="None" formatvalue="" name="versionNumber" order="" paramOrder="8" parentOrder="3" passnull="false" sms-name="" src="versionNumber" sourcevalue="" srcformatvalue="" target="response" targetdatatype="java.lang.String" testvalue="" value="">
                    <accessType></accessType>
                </param>
            </record>
        </record>
        <record id="override" order="" paramOrder="11" parentOrder="0" src="$.override">
            <dataset defaultvalue="" id="overrideDetails" order="" paramOrder="12" parentOrder="11" src="overrideDetails[*]" testvalue="">
                <param datatype="collection" defaultvalue="" description="" encode="true" format="None" formatvalue="" name="options" order="" paramOrder="13" parentOrder="12" passnull="false" sms-name="" src="options[*]" sourcevalue="" srcformatvalue="" target="response" targetdatatype="java.lang.String" testvalue="" value="">
                    <accessType></accessType>
                </param>
                <param datatype="string" defaultvalue="" description="" encode="true" format="None" formatvalue="" name="description" order="" paramOrder="14" parentOrder="12" passnull="false" sms-name="" src="description" sourcevalue="" srcformatvalue="" target="response" targetdatatype="java.lang.String" testvalue="" value="">
                    <accessType></accessType>
                </param>
                <param datatype="string" defaultvalue="" description="" encode="true" format="None" formatvalue="" name="id" order="" paramOrder="15" parentOrder="12" passnull="false" sms-name="" src="id" sourcevalue="" srcformatvalue="" target="response" targetdatatype="java.lang.String" testvalue="" value="">
                    <accessType></accessType>
                </param>
            </dataset>
        </record>
        <record id="body" order="" paramOrder="16" parentOrder="0" src="$.body">
            <dataset defaultvalue="" id="displayNames" order="" paramOrder="21" parentOrder="16" src="displayNames[*]" testvalue="">
                <param datatype="string" defaultvalue="" description="" encode="true" format="None" formatvalue="" name="displayName" order="" paramOrder="22" parentOrder="21" passnull="false" sms-name="" src="displayName" sourcevalue="" srcformatvalue="" target="response" targetdatatype="java.lang.String" testvalue="" value="">
                    <accessType></accessType>
                </param>
            </dataset>
            <dataset defaultvalue="" id="customerNames" order="" paramOrder="23" parentOrder="16" src="customerNames[*]" testvalue="">
                <param datatype="string" defaultvalue="" description="" encode="true" format="None" formatvalue="" name="customerName" order="" paramOrder="24" parentOrder="23" passnull="false" sms-name="" src="customerName" sourcevalue="" srcformatvalue="" target="response" targetdatatype="java.lang.String" testvalue="" value="">
                    <accessType></accessType>
                </param>
            </dataset>
            <param datatype="string" defaultvalue="" description="" encode="true" format="None" formatvalue="" name="customerMnemonic" order="" paramOrder="17" parentOrder="16" passnull="false" sms-name="" src="customerMnemonic" sourcevalue="" srcformatvalue="" target="response" targetdatatype="java.lang.String" testvalue="" value="">
                <accessType></accessType>
            </param>
            <param datatype="number" defaultvalue="" description="" encode="true" format="None" formatvalue="" name="sectorId" order="" paramOrder="18" parentOrder="16" passnull="false" sms-name="" src="sectorId" sourcevalue="" srcformatvalue="" target="response" targetdatatype="java.lang.String" testvalue="" value="">
                <accessType></accessType>
            </param>
            <param datatype="string" defaultvalue="" description="" encode="true" format="None" formatvalue="" name="gender" order="" paramOrder="19" parentOrder="16" passnull="false" sms-name="" src="gender" sourcevalue="" srcformatvalue="" target="response" targetdatatype="java.lang.String" testvalue="" value="">
                <accessType></accessType>
            </param>
            <param datatype="string" defaultvalue="" description="" encode="true" format="None" formatvalue="" name="nationalityId" order="" paramOrder="20" parentOrder="16" passnull="false" sms-name="" src="nationalityId" sourcevalue="" srcformatvalue="" target="response" targetdatatype="java.lang.String" testvalue="" value="">
                <accessType></accessType>
            </param>
            <param datatype="number" defaultvalue="" description="" encode="true" format="None" formatvalue="" name="language" order="" paramOrder="25" parentOrder="16" passnull="false" sms-name="" src="language" sourcevalue="" srcformatvalue="" target="response" targetdatatype="java.lang.String" testvalue="" value="">
                <accessType></accessType>
            </param>
            <param datatype="string" defaultvalue="" description="" encode="true" format="None" formatvalue="" name="amlCheck" order="" paramOrder="26" parentOrder="16" passnull="false" sms-name="" src="amlCheck" sourcevalue="" srcformatvalue="" target="response" targetdatatype="java.lang.String" testvalue="" value="">
                <accessType></accessType>
            </param>
            <param datatype="string" defaultvalue="" description="" encode="true" format="None" formatvalue="" name="residenceId" order="" paramOrder="27" parentOrder="16" passnull="false" sms-name="" src="residenceId" sourcevalue="" srcformatvalue="" target="response" targetdatatype="java.lang.String" testvalue="" value="">
                <accessType></accessType>
            </param>
            <param datatype="number" defaultvalue="" description="" encode="true" format="None" formatvalue="" name="target" order="" paramOrder="28" parentOrder="16" passnull="false" sms-name="" src="target" sourcevalue="" srcformatvalue="" target="response" targetdatatype="java.lang.String" testvalue="" value="">
                <accessType></accessType>
            </param>
            <param datatype="number" defaultvalue="" description="" encode="true" format="None" formatvalue="" name="customerStatus" order="" paramOrder="29" parentOrder="16" passnull="false" sms-name="" src="customerStatus" sourcevalue="" srcformatvalue="" target="response" targetdatatype="java.lang.String" testvalue="" value="">
                <accessType></accessType>
            </param>
            <param datatype="number" defaultvalue="" description="" encode="true" format="None" formatvalue="" name="industryId" order="" paramOrder="30" parentOrder="16" passnull="false" sms-name="" src="industryId" sourcevalue="" srcformatvalue="" target="response" targetdatatype="java.lang.String" testvalue="" value="">
                <accessType></accessType>
            </param>
            <param datatype="number" defaultvalue="" description="" encode="true" format="None" formatvalue="" name="accountOfficerId" order="" paramOrder="31" parentOrder="16" passnull="false" sms-name="" src="accountOfficerId" sourcevalue="" srcformatvalue="" target="response" targetdatatype="java.lang.String" testvalue="" value="">
                <accessType></accessType>
            </param>
            <param datatype="string" defaultvalue="" description="" encode="true" format="None" formatvalue="" name="customerCompany" order="" paramOrder="32" parentOrder="16" passnull="false" sms-name="" src="customerCompany" sourcevalue="" srcformatvalue="" target="response" targetdatatype="java.lang.String" testvalue="" value="">
                <accessType></accessType>
            </param>
            <param datatype="string" defaultvalue="" description="" encode="true" format="None" formatvalue="" name="amlResult" order="" paramOrder="33" parentOrder="16" passnull="false" sms-name="" src="amlResult" sourcevalue="" srcformatvalue="" target="response" targetdatatype="java.lang.String" testvalue="" value="">
                <accessType></accessType>
            </param>
        </record>
    </service-output>
</service>
