<?xml version="1.0" encoding="UTF-8" standalone="yes"?>
<service serviceGroup="" cachable="false" cacheduration="" description="" endpoint="default" groupType="" id="updateCustomer" passwordencrypted="false" security="public" type="jsonConnector" smscode="" smsenabled="false">
    <service-config>
        <config-param api-version="" appid="" name="preprocessorname" value=""/>
        <config-param api-version="" appid="" name="postprocessorname" value=""/>
        <config-param api-version="" appid="" name="preprocessorJS" value=""/>
        <config-param api-version="" appid="" name="postprocessorJS" value=""/>
        <config-param api-version="" appid="" name="preprocessorRules" value=""/>
        <config-param api-version="" appid="" name="postprocessorRules" value=""/>
        <config-param api-version="" appid="" name="kony_http_supported_methods" value="POST"/>
        <config-param api-version="" appid="" name="endpointUrl" value="http://35.208.86.161:8080/irf-test-web/api/v1.0.0/party/customers/$customerId/generic"/>
        <config-param api-version="" appid="" name="ignorehttpproxy" value="true"/>
        <config-param api-version="" appid="" name="http.method" value="PUT"/>
        <config-param api-version="" appid="" name="dataObjectName" value=""/>
        <config-param api-version="" appid="" name="sockettimeout" value=""/>
        <config-param api-version="" appid="" name="responseEncoding" value="UTF-8"/>
        <config-param api-version="" appid="" name="isembedxmlpresent" value="false"/>
        <config-param api-version="" appid="" name="retrycount" value="0"/>
        <config-param api-version="" appid="" name="jsonpath" value="true"/>
    </service-config>
    <service-input passthrough="false">
        <header datatype="" name="" passthrough="false"/>
        <param datatype="string" defaultvalue="" description="" encode="true" format="None" formatvalue="" name="customerId" order="" paramOrder="1" parentOrder="-1" passnull="false" sms-name="" src="request" sourcevalue="" srcformatvalue="" target="request" targetdatatype="java.lang.String" testvalue="190348" value="">
            <accessType></accessType>
        </param>
        <param datatype="string" defaultvalue="" description="" encode="true" format="None" formatvalue="" name="Nationality" order="" paramOrder="2" parentOrder="-1" passnull="false" sms-name="" src="request" sourcevalue="" srcformatvalue="" target="request" targetdatatype="java.lang.String" testvalue="US" value="">
            <accessType></accessType>
        </param>
        <param datatype="string" defaultvalue="" description="" encode="true" format="None" formatvalue="" name="customerMnemonic" order="" paramOrder="3" parentOrder="-1" passnull="false" sms-name="" src="request" sourcevalue="" srcformatvalue="" target="request" targetdatatype="java.lang.String" testvalue="XZAST.1" value="">
            <accessType></accessType>
        </param>
        <param datatype="number" defaultvalue="" description="" encode="true" format="None" formatvalue="" name="language" order="" paramOrder="4" parentOrder="-1" passnull="false" sms-name="" src="request" sourcevalue="" srcformatvalue="" target="request" targetdatatype="java.lang.String" testvalue="2" value="">
            <accessType></accessType>
        </param>
        <param datatype="number" defaultvalue="" description="" encode="true" format="None" formatvalue="" name="sectorId" order="" paramOrder="5" parentOrder="-1" passnull="false" sms-name="" src="request" sourcevalue="" srcformatvalue="" target="request" targetdatatype="java.lang.String" testvalue="1001" value="">
            <accessType></accessType>
        </param>
        <param datatype="string" defaultvalue="" description="" encode="true" format="None" formatvalue="" name="displayName" order="" paramOrder="6" parentOrder="-1" passnull="false" sms-name="" src="request" sourcevalue="" srcformatvalue="" target="request" targetdatatype="java.lang.String" testvalue="FFSAGH" value="">
            <accessType></accessType>
        </param>
        <param datatype="string" defaultvalue="" description="" encode="true" format="None" formatvalue="" name="customerName" order="" paramOrder="7" parentOrder="-1" passnull="false" sms-name="" src="request" sourcevalue="" srcformatvalue="" target="request" targetdatatype="java.lang.String" testvalue="JHDJKHSK" value="">
            <accessType></accessType>
        </param>
        <param datatype="string" defaultvalue="" description="" encode="true" format="None" formatvalue="" name="gender" order="" paramOrder="8" parentOrder="-1" passnull="false" sms-name="" src="request" sourcevalue="" srcformatvalue="" target="request" targetdatatype="java.lang.String" testvalue="M" value="">
            <accessType></accessType>
        </param>
        <template-param datatype="" defaultvalue="{&#10;&#10;&#10;    &#10;&quot;body&quot;: {&#10; &#10;&#10;&quot;displayNames&quot;: [&#10;&#10;{&#10;&#10;  &#10;&quot;displayName&quot;: &quot;$displayName&quot;&#10;&#10;}&#10;&#10;],&#10;&#10;&quot;customerNames&quot;: [&#10;&#10;{&#10;&#10;&quot;customerName&quot;: &quot;$customerName&quot;&#10;&#10;}&#10;&#10;],&#10;&#10;&quot;language&quot;: $language,&#10;&#10;&#10;  &quot;nationalityId&quot;:&quot;$Nationality&quot;,&#10;&#10;&quot;customerMnemonic&quot;: &quot;$customerMnemonic&quot;,&#10;&#10;&quot;sectorId&quot;: $sectorId,&#10;&#10;&quot;gender&quot;: &quot;$gender&quot;&#10;&#10;}&#10;&#10;}" description="" encode="false" format="" formatvalue="" name="message" order="" paramOrder="0" parentOrder="0" sms-name="" src="" sourcevalue="" srcformatvalue="" target="" targetdatatype="" value="{&#10;&#10;&#10;    &#10;&quot;body&quot;: {&#10; &#10;&#10;&quot;displayNames&quot;: [&#10;&#10;{&#10;&#10;  &#10;&quot;displayName&quot;: &quot;$displayName&quot;&#10;&#10;}&#10;&#10;],&#10;&#10;&quot;customerNames&quot;: [&#10;&#10;{&#10;&#10;&quot;customerName&quot;: &quot;$customerName&quot;&#10;&#10;}&#10;&#10;],&#10;&#10;&quot;language&quot;: $language,&#10;&#10;&#10;  &quot;nationalityId&quot;:&quot;$Nationality&quot;,&#10;&#10;&quot;customerMnemonic&quot;: &quot;$customerMnemonic&quot;,&#10;&#10;&quot;sectorId&quot;: $sectorId,&#10;&#10;&quot;gender&quot;: &quot;$gender&quot;&#10;&#10;}&#10;&#10;}">
            <accessType></accessType>
        </template-param>
        <stub-param value=""/>
    </service-input>
    <service-output passthrough="false">
        <record id="header" order="" paramOrder="1" parentOrder="0" src="$.header">
            <param datatype="string" defaultvalue="" description="" encode="true" format="None" formatvalue="" name="transactionStatus" order="" paramOrder="2" parentOrder="1" passnull="false" sms-name="" src="transactionStatus" sourcevalue="" srcformatvalue="" target="response" targetdatatype="java.lang.String" testvalue="" value="">
                <accessType></accessType>
            </param>
            <param datatype="string" defaultvalue="" description="" encode="true" format="None" formatvalue="" name="id" order="" paramOrder="9" parentOrder="1" passnull="false" sms-name="" src="id" sourcevalue="" srcformatvalue="" target="response" targetdatatype="java.lang.String" testvalue="" value="">
                <accessType></accessType>
            </param>
            <param datatype="string" defaultvalue="" description="" encode="true" format="None" formatvalue="" name="status" order="" paramOrder="10" parentOrder="1" passnull="false" sms-name="" src="status" sourcevalue="" srcformatvalue="" target="response" targetdatatype="java.lang.String" testvalue="" value="">
                <accessType></accessType>
            </param>
            <record id="audit" order="" paramOrder="3" parentOrder="1" src="audit">
                <param datatype="number" defaultvalue="" description="" encode="true" format="None" formatvalue="" name="T24_time" order="" paramOrder="4" parentOrder="3" passnull="false" sms-name="" src="T24_time" sourcevalue="" srcformatvalue="" target="response" targetdatatype="java.lang.String" testvalue="" value="">
                    <accessType></accessType>
                </param>
                <param datatype="number" defaultvalue="" description="" encode="true" format="None" formatvalue="" name="parse_time" order="" paramOrder="5" parentOrder="3" passnull="false" sms-name="" src="parse_time" sourcevalue="" srcformatvalue="" target="response" targetdatatype="java.lang.String" testvalue="" value="">
                    <accessType></accessType>
                </param>
                <param datatype="number" defaultvalue="" description="" encode="true" format="None" formatvalue="" name="responseParse_time" order="" paramOrder="6" parentOrder="3" passnull="false" sms-name="" src="responseParse_time" sourcevalue="" srcformatvalue="" target="response" targetdatatype="java.lang.String" testvalue="" value="">
                    <accessType></accessType>
                </param>
                <param datatype="number" defaultvalue="" description="" encode="true" format="None" formatvalue="" name="requestParse_time" order="" paramOrder="7" parentOrder="3" passnull="false" sms-name="" src="requestParse_time" sourcevalue="" srcformatvalue="" target="response" targetdatatype="java.lang.String" testvalue="" value="">
                    <accessType></accessType>
                </param>
                <param datatype="string" defaultvalue="" description="" encode="true" format="None" formatvalue="" name="versionNumber" order="" paramOrder="8" parentOrder="3" passnull="false" sms-name="" src="versionNumber" sourcevalue="" srcformatvalue="" target="response" targetdatatype="java.lang.String" testvalue="" value="">
                    <accessType></accessType>
                </param>
            </record>
        </record>
    </service-output>
</service>
