<?xml version="1.0" encoding="UTF-8" standalone="yes"?>
<service serviceGroup="" cachable="false" cacheduration="" description="" endpoint="default" groupType="" id="NewOperation" passwordencrypted="false" security="public" type="jsonConnector" smscode="" smsenabled="false">
    <service-config>
        <config-param api-version="" appid="" name="preprocessorname" value=""/>
        <config-param api-version="" appid="" name="postprocessorname" value=""/>
        <config-param api-version="" appid="" name="preprocessorJS" value=""/>
        <config-param api-version="" appid="" name="postprocessorJS" value=""/>
        <config-param api-version="" appid="" name="preprocessorRules" value=""/>
        <config-param api-version="" appid="" name="postprocessorRules" value=""/>
        <config-param api-version="" appid="" name="kony_http_supported_methods" value="POST"/>
        <config-param api-version="" appid="" name="endpointUrl" value="http://35.208.86.161:8080/iris-test-web/api/v1.0.0/party/account/create"/>
        <config-param api-version="" appid="" name="ignorehttpproxy" value="true"/>
        <config-param api-version="" appid="" name="http.method" value="POST"/>
        <config-param api-version="" appid="" name="dataObjectName" value=""/>
        <config-param api-version="" appid="" name="sockettimeout" value=""/>
        <config-param api-version="" appid="" name="responseEncoding" value="UTF-8"/>
        <config-param api-version="" appid="" name="isembedxmlpresent" value="false"/>
        <config-param api-version="" appid="" name="retrycount" value="0"/>
        <config-param api-version="" appid="" name="jsonpath" value="true"/>
    </service-config>
    <service-input passthrough="false">
        <header datatype="" name="" passthrough="false"/>
        <param datatype="string" defaultvalue="" description="" encode="true" format="None" formatvalue="" name="customerId" order="" paramOrder="1" parentOrder="-1" passnull="false" sms-name="" src="request" sourcevalue="" srcformatvalue="" target="request" targetdatatype="java.lang.String" testvalue="190466" value="">
            <accessType></accessType>
        </param>
        <param datatype="string" defaultvalue="" description="" encode="true" format="None" formatvalue="" name="mnemonic" order="" paramOrder="2" parentOrder="-1" passnull="false" sms-name="" src="request" sourcevalue="" srcformatvalue="" target="request" targetdatatype="java.lang.String" testvalue="GFVCX.1" value="">
            <accessType></accessType>
        </param>
        <param datatype="string" defaultvalue="" description="" encode="true" format="None" formatvalue="" name="accountName" order="" paramOrder="3" parentOrder="-1" passnull="false" sms-name="" src="request" sourcevalue="" srcformatvalue="" target="request" targetdatatype="java.lang.String" testvalue="Shant" value="">
            <accessType></accessType>
        </param>
        <param datatype="string" defaultvalue="" description="" encode="true" format="None" formatvalue="" name="currency" order="" paramOrder="4" parentOrder="-1" passnull="false" sms-name="" src="request" sourcevalue="" srcformatvalue="" target="request" targetdatatype="java.lang.String" testvalue="USD" value="">
            <accessType></accessType>
        </param>
        <template-param datatype="" defaultvalue="{&#10;    &quot;body&quot;: {&#10;        &quot;customerId&quot;: $customerId,&#10;        &quot;currency&quot;: &quot;$currency&quot;,&#10;        &quot;mnemonic&quot;: &quot;$mnemonic&quot;,&#10;        &quot;accountName&quot;: &quot;$accountName&quot;&#10;    }&#10;}" description="" encode="false" format="" formatvalue="" name="message" order="" paramOrder="0" parentOrder="0" sms-name="" src="" sourcevalue="" srcformatvalue="" target="" targetdatatype="" value="{&#10;    &quot;body&quot;: {&#10;        &quot;customerId&quot;: $customerId,&#10;        &quot;currency&quot;: &quot;$currency&quot;,&#10;        &quot;mnemonic&quot;: &quot;$mnemonic&quot;,&#10;        &quot;accountName&quot;: &quot;$accountName&quot;&#10;    }&#10;}">
            <accessType></accessType>
        </template-param>
        <stub-param value=""/>
    </service-input>
    <service-output passthrough="false"/>
</service>
